,,Amy,,,Ben,,,Marta,,,Katie,,,Average,,,Extra,,,,,,,,,,,,,,,,,,,,,,,,,,
,Image,X,Y,Z,X,Y,Z,X,Y,Z,X,Y,Z,X,Y,Z,Usable? (Y/N),,,,,,,,,,,,,,,,,,,,,,,,,,
1,lleg_001_20100125b.nii.gz,188.00,92.00,431.00,184.00,102.00,426.00,186,92,416,187.00,95.00,424.00,186,95,424,Y,,,,,,,,,,,,,,,,,,,,,,,,,,
2,lleg_002_20100302b.nii.gz,192.00,88.00,137.00,,,, ,,,,,,192,88,137,N,,,,,,,,,,,,,,,,,,,,,,,,,,
3,lleg_003_20100305b.nii.gz,185.00,117.00,506.00,183.00,122.00,504.00,184,115,503,184.00,118.00,499.00,184,118,503,Y,,,,,,,,,,,,,,,,,,,,,,,,,,
4,lleg_004_20100315a.nii.gz,185.00,113.00,528.00,183.00,114.00,535.00,185,109,516,183.00,115.00,528.00,184,113,527,Y,,,,,,,,,,,,,,,,,,,,,,,,,,
5,lleg_005_20100406.nii.gz,,,,,,, ,,,,,,#DIV/0!,#DIV/0!,#DIV/0!,N,,,,,,,,,,,,,,,,,,,,,,,,,,
6,lleg_006_20100409b.nii.gz,163.00,87.00,386.00,161.00,93.00,389.00,162,89,387,162.00,91.00,395.00,162,90,389,Y,,,,,,,,,,,,,,,,,,,,,,,,,,
7,lleg_007_20100423.nii.gz,200.00,81.00,439.00,197.00,86.00,447.00,200,77,447,200.00,79.00,437.00,199,81,443,Y,,,,,,,,,,,,,,,,,,,,,,,,,,
8,lleg_008_20100510.nii.gz,193.00,83.00,846.00,193.00,87.00,851.00,193,81,846,193.00,86.00,856.00,193,84,850,Y,,,,,,,,,,,,,,,,,,,,,,,,,,
9,lleg_009_20100514.nii.gz,,,,,,, ,,,,,,#DIV/0!,#DIV/0!,#DIV/0!,N,,,,,,,,,,,,,,,,,,,,,,,,,,
10,lleg_010_20100601b.nii.gz,,,,,,, ,,,,,,#DIV/0!,#DIV/0!,#DIV/0!,N,,,,,,,,,,,,,,,,,,,,,,,,,,
11,lleg_011_20100603.nii.gz,191.00,183.00,532.00,189.00,197.00,532.00,191,191,528,192.00,192.00,523.00,191,191,529,Y,,,,,,,,,,,,,,,,,,,,,,,,,,
12,lleg_012_20100608a.nii.gz,,,,,,, ,,,,,,#DIV/0!,#DIV/0!,#DIV/0!,N,,,,,,,,,,,,,,,,,,,,,,,,,,
13,lleg_013_20100713.nii.gz,,,,,,, ,,,,,,#DIV/0!,#DIV/0!,#DIV/0!,N,,,,,,,,,,,,,,,,,,,,,,,,,,
14,lleg_014_20100809a.nii.gz,,,,,,, ,,,,,,#DIV/0!,#DIV/0!,#DIV/0!,N,,,,,,,,,,,,,,,,,,,,,,,,,,
15,lleg_015_20100813a.nii.gz,,,,,,, ,,,,,,#DIV/0!,#DIV/0!,#DIV/0!,N,,,,,,,,,,,,,,,,,,,,,,,,,,
16,lleg_016_20100831.nii.gz,133.00,73.00,341.00,131.00,73.00,341.00,130,73,338,131.00,73.00,337.00,131,73,339,Y,,,,,,,,,,,,,,,,,,,,,,,,,,
17,lleg_017_20100916.nii.gz,194.00,125.00,534.00,194.00,119.00,545.00,196,122,537,194.00,124.00,537.00,195,123,538,Y,,,,,,,,,,,,,,,,,,,,,,,,,,
18,lleg_018_20101015.nii.gz,217.00,112.00,441.00,215.00,110.00,447.00,216,110,442,216.00,108.00,450.00,216,110,445,Y,,,,,,,,,,,,,,,,,,,,,,,,,,
19,lleg_019_20101206.nii.gz,116.00,120.00,433.00,114.00,126.00,435.00,115,112,427,114.00,115.00,439.00,115,118,434,Y,,,,,,,,,,,,,,,,,,,,,,,,,,
20,lleg_020_20110112b.nii.gz,208.00,143.00,539.00,204.00,150.00,533.00,206,144,530,206.00,145.00,536.00,206,146,535,Y,,,,,,,,,,,,,,,,,,,,,,,,,,
21,lleg_021_20110114.nii.gz,161.00,157.00,513.00,163.00,148.00,520.00,161,155,516,162.00,157.00,519.00,162,154,517,Y,,,,,,,,,,,,,,,,,,,,,,,,,,
22,lleg_022_20110124.nii.gz,,,,,,, ,,,,,,#DIV/0!,#DIV/0!,#DIV/0!,N,,,,,,,,,,,,,,,,,,,,,,,,,,
23,lleg_023_20110204c.nii.gz,179.00,107.00,406.00,178.00,110.00,409.00,179,106,410,179.00,106.00,412.00,179,107,409,Y,,,,,,,,,,,,,,,,,,,,,,,,,,
24,lleg_024_20110210.nii.gz,,,,,,, ,,,,,,#DIV/0!,#DIV/0!,#DIV/0!,N,,,,,,,,,,,,,,,,,,,,,,,,,,
25,lleg_025_20110215.nii.gz,155.00,103.00,392.00,153.00,108.00,389.00,154,103,386,155.00,103.00,389.00,154,104,389,Y,,,,,,,,,,,,,,,,,,,,,,,,,,
26,lleg_026_20110223d.nii.gz,,,,,,, ,,,,,,#DIV/0!,#DIV/0!,#DIV/0!,N,,,,,,,,,,,,,,,,,,,,,,,,,,
27,lleg_027_20110304b.nii.gz,,,,,,, ,,,,,,#DIV/0!,#DIV/0!,#DIV/0!,N,,,,,,,,,,,,,,,,,,,,,,,,,,
28,lleg_028_20110328.nii.gz,,,,,,, ,,,,,,#DIV/0!,#DIV/0!,#DIV/0!,N,,,,,,,,,,,,,,,,,,,,,,,,,,
29,lleg_029_20110404.nii.gz,141.00,144.00,524.00,141.00,143.00,522.00,142,144,513,142.00,147.00,515.00,142,145,519,Y,,,,,,,,,,,,,,,,,,,,,,,,,,
30,lleg_030_20110405b.nii.gz,,,,,,, ,,,,,,#DIV/0!,#DIV/0!,#DIV/0!,N,,,,,,,,,,,,,,,,,,,,,,,,,,
31,lleg_031_20110505.nii.gz,,,,,,, ,,,,,,#DIV/0!,#DIV/0!,#DIV/0!,N,,,,,,,,,,,,,,,,,,,,,,,,,,
32,lleg_032_20110506b.nii.gz,,,,,,, ,,,,,,#DIV/0!,#DIV/0!,#DIV/0!,N,,,,,,,,,,,,,,,,,,,,,,,,,,
33,lleg_033_20110518.nii.gz,163.00,96.00,437.00,162.00,102.00,436.00,162,103,440,162.00,99.00,441.00,162,100,439,Y,,,,,,,,,,,,,,,,,,,,,,,,,,
34,lleg_034_20110525.nii.gz,201.00,120.00,506.00,201.00,119.00,509.00,202,118,505,202.00,120.00,507.00,202,119,507,Y,,,,,,,,,,,,,,,,,,,,,,,,,,
35,lleg_035_20110527.nii.gz,,,,,,, ,,,,,,#DIV/0!,#DIV/0!,#DIV/0!,N,,,,,,,,,,,,,,,,,,,,,,,,,,
36,lleg_036_20110601.nii.gz,143.00,127.00,564.00,143.00,133.00,552.00,143,129,550,144.00,131.00,553.00,143,130,555,Y,,,,,,,,,,,,,,,,,,,,,,,,,,
37,lleg_037_20110602c.nii.gz,,,,,,, ,,,,,,#DIV/0!,#DIV/0!,#DIV/0!,N,,,,,,,,,,,,,,,,,,,,,,,,,,
38,lleg_038_20110719.nii.gz,,,,,,, ,,,,,,#DIV/0!,#DIV/0!,#DIV/0!,N,,,,,,,,,,,,,,,,,,,,,,,,,,
39,lleg_039_20110809.nii.gz,,,,,,, ,,,,,,#DIV/0!,#DIV/0!,#DIV/0!,N,,,,,,,,,,,,,,,,,,,,,,,,,,
40,lleg_040_20110811.nii.gz,,,,,,, ,,,,,,#DIV/0!,#DIV/0!,#DIV/0!,N,,,,,,,,,,,,,,,,,,,,,,,,,,
41,lleg_041_20110823b.nii.gz,,,,,,, ,,,,,,#DIV/0!,#DIV/0!,#DIV/0!,N,,,,,,,,,,,,,,,,,,,,,,,,,,
42,lleg_042_20110918.nii.gz,169.00,131.00,530.00,167.00,139.00,525.00,172,134,519,169.00,137.00,525.00,169,135,525,Y,,,,,,,,,,,,,,,,,,,,,,,,,,
43,lleg_043_20111024.nii.gz,164.00,132.00,449.00,164.00,133.00,451.00,164,130,449,163.00,130.00,451.00,164,131,450,Y,,,,,,,,,,,,,,,,,,,,,,,,,,
44,lleg_044_20111027a.nii.gz,,,,,,, ,,,,,,#DIV/0!,#DIV/0!,#DIV/0!,N,,,,,,,,,,,,,,,,,,,,,,,,,,
45,lleg_045_20111027b.nii.gz,136.00,134.00,380.00,134.00,137.00,380.00,134,135,374,134.00,137.00,375.00,135,136,377,Y,,,,,,,,,,,,,,,,,,,,,,,,,,
46,lleg_046_20111113.nii.gz,151.00,107.00,387.00,152.00,100.00,401.00,150,108,394,149.00,108.00,391.00,151,106,393,Y,,,,,,,,,,,,,,,,,,,,,,,,,,
47,lleg_047_20111124.nii.gz,180.00,80.00,455.00,178.00,81.00,454.00,178,78,453,179.00,79.00,454.00,179,80,454,Y,,,,,,,,,,,,,,,,,,,,,,,,,,
48,lleg_048_20111201.nii.gz,166.00,61.00,532.00,165.00,67.00,537.00,166,60,533,166.00,61.00,533.00,166,62,534,Y,,,,,,,,,,,,,,,,,,,,,,,,,,
49,lleg_049_20111203b.nii.gz,194.00,159.00,450.00,196.00,151.00,450.00,193,156,448,195.00,158.00,450.00,195,156,450,Y,,,,,,,,,,,,,,,,,,,,,,,,,,
50,lleg_050_20111207.nii.gz,143.00,99.00,588.00,143.00,107.00,580.00,143,108,579,143.00,105.00,581.00,143,105,582,Y,,,,,,,,,,,,,,,,,,,,,,,,,,
51,lleg_052_20111215b.nii.gz,,,,,,, ,,,,,,#DIV/0!,#DIV/0!,#DIV/0!,N,,,,,,,,,,,,,,,,,,,,,,,,,,
52,lleg_053_20111223.nii.gz,,,,,,, ,,,,,,#DIV/0!,#DIV/0!,#DIV/0!,N,,,,,,,,,,,,,,,,,,,,,,,,,,
53,lleg_054_20120228b.nii.gz,,,,,,, ,,,,,,#DIV/0!,#DIV/0!,#DIV/0!,N,,,,,,,,,,,,,,,,,,,,,,,,,,
54,lleg_055_20120312c.nii.gz,,,,,,, ,,,,,,#DIV/0!,#DIV/0!,#DIV/0!,N,,,,,,,,,,,,,,,,,,,,,,,,,,
55,lleg_056_20120316b.nii.gz,142.00,122.00,511.00,141.00,121.00,513.00,142,121,506,142.00,120.00,514.00,142,121,511,Y,,,,,,,,,,,,,,,,,,,,,,,,,,
56,lleg_057_20120320b.nii.gz,,,,,,, ,,,,,,#DIV/0!,#DIV/0!,#DIV/0!,N,,,,,,,,,,,,,,,,,,,,,,,,,,
57,lleg_058_20120320a.nii.gz,176.00,94.00,514.00,175.00,95.00,511.00,174,103,506,175.00,99.00,512.00,175,98,511,Y,,,,,,,,,,,,,,,,,,,,,,,,,,
58,lleg_059_20120323.nii.gz,,,,,,, ,,,,,,#DIV/0!,#DIV/0!,#DIV/0!,N,,,,,,,,,,,,,,,,,,,,,,,,,,
59,lleg_060_20120420.nii.gz,183.00,106.00,558.00,181.00,121.00,556.00,183,106,552,183.00,105.00,553.00,183,110,555,Y,,,,,,,,,,,,,,,,,,,,,,,,,,
60,lleg_061_20120422d.nii.gz,189.00,175.00,532.00,186.00,175.00,532.00,189,178,525,190.00,176.00,532.00,189,176,530,Y,,,,,,,,,,,,,,,,,,,,,,,,,,
61,lleg_062_20120517b.nii.gz,197.00,163.00,545.00,195.00,162.00,546.00,198,156,547,196.00,158.00,553.00,197,160,548,Y,,,,,,,,,,,,,,,,,,,,,,,,,,
62,lleg_064_20120607.nii.gz,175.00,105.00,474.00,174.00,110.00,469.00,174,107,468,174.00,106.00,473.00,174,107,471,Y,,,,,,,,,,,,,,,,,,,,,,,,,,
63,lleg_101_20100101b.nii.gz,,,,,,, ,,,,,,#DIV/0!,#DIV/0!,#DIV/0!,N,,,,,,,,,,,,,,,,,,,,,,,,,,
64,lleg_102_20100105a.nii.gz,,,,,,, ,,,,,,#DIV/0!,#DIV/0!,#DIV/0!,N,,,,,,,,,,,,,,,,,,,,,,,,,,
65,lleg_103_20100128a.nii.gz,161.00,159.00,581.00,163.00,150.00,584.00,161,161,574,160.00,155.00,583.00,161,156,581,Y,,,,,,,,,,,,,,,,,,,,,,,,,,
66,lleg_104_20100204.nii.gz,,,,,,, ,,,,,,#DIV/0!,#DIV/0!,#DIV/0!,N,,,,,,,,,,,,,,,,,,,,,,,,,,
67,lleg_105_20100208a.nii.gz,140.00,101.00,514.00,140.00,92.00,517.00,142,95,507,139.00,96.00,503.00,140,96,510,Y,,,,,,,,,,,,,,,,,,,,,,,,,,
68,lleg_106_20100211.nii.gz,157.00,176.00,519.00,157.00,171.00,523.00,156,174,520,156.00,178.00,516.00,157,175,520,Y,,,,,,,,,,,,,,,,,,,,,,,,,,
69,lleg_107_20100220b.nii.gz,,,,,,, ,,,,,,#DIV/0!,#DIV/0!,#DIV/0!,N,,,,,,,,,,,,,,,,,,,,,,,,,,
70,lleg_108_20100222.nii.gz,158.00,118.00,494.00,157.00,119.00,479.00,157,116,486,158.00,117.00,490.00,158,118,487,Y,,,,,,,,,,,,,,,,,,,,,,,,,,
71,lleg_109_20100224.nii.gz,131.00,119.00,494.00,129.00,128.00,488.00,129,127,486,130.00,124.00,489.00,130,125,489,Y,,,,,,,,,,,,,,,,,,,,,,,,,,
72,lleg_111_20100309.nii.gz,,,,,,, ,,,,,,#DIV/0!,#DIV/0!,#DIV/0!,N,,,,,,,,,,,,,,,,,,,,,,,,,,
73,lleg_112_20100311a.nii.gz,145.00,123.00,546.00,145.00,121.00,548.00,138,131,538,143.00,127.00,542.00,143,126,544,Y,,,,,,,,,,,,,,,,,,,,,,,,,,
74,lleg_113_20100312.nii.gz,122.00,98.00,516.00,122.00,99.00,514.00,122,98,517,112.00,98.00,513.00,120,98,515,Y,,,,,,,,,,,,,,,,,,,,,,,,,,
75,lleg_114_20100313.nii.gz,150.00,144.00,553.00,151.00,135.00,556.00,149,142,550,150.00,143.00,554.00,150,141,553,Y,,,,,,,,,,,,,,,,,,,,,,,,,,
76,lleg_115_20100316b.nii.gz,195.00,103.00,542.00,195.00,109.00,544.00,196,103,542,194.00,104.00,551.00,195,105,545,Y,,,,,,,,,,,,,,,,,,,,,,,,,,
77,lleg_116_20100402b.nii.gz,,,,,,, ,,,,,,#DIV/0!,#DIV/0!,#DIV/0!,N,,,,,,,,,,,,,,,,,,,,,,,,,,
78,lleg_117_20100416b.nii.gz,,,,,,, ,,,,,,#DIV/0!,#DIV/0!,#DIV/0!,N,,,,,,,,,,,,,,,,,,,,,,,,,,
79,lleg_118_20100504a.nii.gz,,,,,,, ,,,,,,#DIV/0!,#DIV/0!,#DIV/0!,N,,,,,,,,,,,,,,,,,,,,,,,,,,
80,lleg_119_20100504.nii.gz,150.00,117.00,513.00,148.00,124.00,504.00,149,119,503,149.00,119.00,510.00,149,120,508,Y,,,,,,,,,,,,,,,,,,,,,,,,,,
81,lleg_120_20100519b.nii.gz,,,,,,, ,,,,,,#DIV/0!,#DIV/0!,#DIV/0!,N,,,,,,,,,,,,,,,,,,,,,,,,,,
82,lleg_121_20100525.nii.gz,142.00,94.00,400.00,142.00,96.00,396.00,142,96,396,141.00,93.00,396.00,142,95,397,Y,,,,,,,,,,,,,,,,,,,,,,,,,,
83,lleg_122_20100529.nii.gz,114.00,120.00,520.00,121.00,108.00,522.00,114,118,517,114.00,117.00,520.00,116,116,520,Y,,,,,,,,,,,,,,,,,,,,,,,,,,
84,lleg_123_20100603.nii.gz,130.00,158.00,515.00,131.00,154.00,515.00,130,165,515,130.00,158.00,519.00,130,159,516,Y,,,,,,,,,,,,,,,,,,,,,,,,,,
85,lleg_124_20100615b.nii.gz,,,,,,, ,,,,,,#DIV/0!,#DIV/0!,#DIV/0!,N,,,,,,,,,,,,,,,,,,,,,,,,,,
86,lleg_125_20100626b.nii.gz,,,,,,, ,,,,,,#DIV/0!,#DIV/0!,#DIV/0!,N,,,,,,,,,,,,,,,,,,,,,,,,,,
87,lleg_126_20100701.nii.gz,134.00,123.00,562.00,134.00,118.00,562.00,132,123,549,133.00,123.00,551.00,133,122,556,Y,,,,,,,,,,,,,,,,,,,,,,,,,,
88,lleg_127_20100705.nii.gz,,,,,,, ,,,,,,#DIV/0!,#DIV/0!,#DIV/0!,N,,,,,,,,,,,,,,,,,,,,,,,,,,
89,lleg_128_20100707a.nii.gz,205.00,169.00,606.00,204.00,165.00,604.00,204,171,603,204.00,169.00,608.00,204,169,605,Y,,,,,,,,,,,,,,,,,,,,,,,,,,
90,lleg_129_20100707.nii.gz,146.00,130.00,522.00,145.00,131.00,512.00,145,130,520,145.00,128.00,522.00,145,130,519,Y,,,,,,,,,,,,,,,,,,,,,,,,,,
91,lleg_130_20100731a.nii.gz,138.00,182.00,610.00,140.00,173.00,604.00,136,180,600,134.00,183.00,607.00,137,180,605,Y,,,,,,,,,,,,,,,,,,,,,,,,,,
92,lleg_131_20100806.nii.gz,,,,,,, ,,,,,,#DIV/0!,#DIV/0!,#DIV/0!,N,,,,,,,,,,,,,,,,,,,,,,,,,,
93,lleg_132_20100812.nii.gz,,,,,,, ,,,,,,#DIV/0!,#DIV/0!,#DIV/0!,N,,,,,,,,,,,,,,,,,,,,,,,,,,
94,lleg_133_20100824b.nii.gz,155.00,136.00,607.00,154.00,135.00,608.00,154,134,604,155.00,134.00,611.00,155,135,608,Y,,,,,,,,,,,,,,,,,,,,,,,,,,
95,rleg_001_20100125b.nii.gz,170.00,96.00,422.00,171.00,97.00,421.00,168,96,422,170.00,90.00,428.00,170,95,423,Y,,,,,,,,,,,,,,,,,,,,,,,,,,
96,rleg_002_20100302b.nii.gz,,,,,,, ,,,,,,#DIV/0!,#DIV/0!,#DIV/0!,N,,,,,,,,,,,,,,,,,,,,,,,,,,
97,rleg_003_20100305b.nii.gz,179.00,130.00,501.00,181.00,123.00,509.00,178,132,499,179.00,129.00,503.00,179,129,503,Y,,,,,,,,,,,,,,,,,,,,,,,,,,
98,rleg_004_20100315a.nii.gz,177.00,101.00,535.00,178.00,112.00,526.00,179,107,524,179.00,108.00,528.00,178,107,528,Y,,,,,,,,,,,,,,,,,,,,,,,,,,
99,rleg_005_20100406.nii.gz,,,,,,, ,,,,,,#DIV/0!,#DIV/0!,#DIV/0!,N,,,,,,,,,,,,,,,,,,,,,,,,,,
100,rleg_006_20100409b.nii.gz,148.00,102.00,399.00,149.00,103.00,390.00,149,99,393,148.00,101.00,398.00,149,101,395,Y,,,,,,,,,,,,,,,,,,,,,,,,,,
101,rleg_007_20100423.nii.gz,,,,,,, ,,,,,,#DIV/0!,#DIV/0!,#DIV/0!,N,,,,,,,,,,,,,,,,,,,,,,,,,,
102,rleg_008_20100510.nii.gz,155.00,81.00,882.00,154.00,83.00,884.00,154,84,857,155.00,85.00,863.00,155,83,872,Y,,,,,,,,,,,,,,,,,,,,,,,,,,
103,rleg_009_20100514.nii.gz,167.00,93.00,397.00,169.00,95.00,387.00,168,93,390,169.00,93.00,393.00,168,94,392,Y,,,,,,,,,,,,,,,,,,,,,,,,,,
104,rleg_010_20100601b.nii.gz,,,,,,, ,,,,,,#DIV/0!,#DIV/0!,#DIV/0!,N,,,,,,,,,,,,,,,,,,,,,,,,,,
105,rleg_011_20100603.nii.gz,189.00,162.00,532.00,190.00,164.00,527.00,189,160,534,190.00,160.00,530.00,190,162,531,Y,,,,,,,,,,,,,,,,,,,,,,,,,,
106,rleg_012_20100608a.nii.gz,,,,,,, ,,,,,,#DIV/0!,#DIV/0!,#DIV/0!,N,,,,,,,,,,,,,,,,,,,,,,,,,,
107,rleg_013_20100713.nii.gz,,,,,,, ,,,,,,#DIV/0!,#DIV/0!,#DIV/0!,N,,,,,,,,,,,,,,,,,,,,,,,,,,
108,rleg_014_20100809a.nii.gz,,,,,,, ,,,,,,#DIV/0!,#DIV/0!,#DIV/0!,N,,,,,,,,,,,,,,,,,,,,,,,,,,
109,rleg_015_20100813a.nii.gz,,,,,,, ,,,,,,#DIV/0!,#DIV/0!,#DIV/0!,N,,,,,,,,,,,,,,,,,,,,,,,,,,
110,rleg_016_20100831.nii.gz,126.00,80.00,341.00,128.00,78.00,340.00,124,84,336,125.00,83.00,334.00,126,81,338,Y,,,,,,,,,,,,,,,,,,,,,,,,,,
111,rleg_017_20100916.nii.gz,,,,,,, ,,,,,,#DIV/0!,#DIV/0!,#DIV/0!,N,,,,,,,,,,,,,,,,,,,,,,,,,,
112,rleg_018_20101015.nii.gz,190.00,105.00,450.00,191.00,96.00,456.00,190,103,451,190.00,105.00,453.00,190,102,453,Y,,,,,,,,,,,,,,,,,,,,,,,,,,
113,rleg_019_20101206.nii.gz,175.00,135.00,441.00,175.00,138.00,438.00,173,139,436,175.00,135.00,435.00,175,137,438,Y,,,,,,,,,,,,,,,,,,,,,,,,,,
114,rleg_020_20110112b.nii.gz,177.00,150.00,540.00,176.00,152.00,534.00,175,148,537,178.00,147.00,543.00,177,149,539,Y,,,,,,,,,,,,,,,,,,,,,,,,,,
115,rleg_021_20110114.nii.gz,190.00,110.00,517.00,188.00,111.00,517.00,192,109,517,190.00,108.00,519.00,190,110,518,Y,,,,,,,,,,,,,,,,,,,,,,,,,,
116,rleg_022_20110124.nii.gz,,,,,,, ,,,,,,#DIV/0!,#DIV/0!,#DIV/0!,N,,,,,,,,,,,,,,,,,,,,,,,,,,
117,rleg_023_20110204c.nii.gz,192.00,105.00,403.00,192.00,109.00,400.00,191,106,401,192.00,107.00,405.00,192,107,402,Y,,,,,,,,,,,,,,,,,,,,,,,,,,
118,rleg_024_20110210.nii.gz,,,,,,, ,,,,,,#DIV/0!,#DIV/0!,#DIV/0!,N,,,,,,,,,,,,,,,,,,,,,,,,,,
119,rleg_025_20110215.nii.gz,144.00,107.00,399.00,145.00,107.00,390.00,142,104,393,146.00,103.00,401.00,144,105,396,Y,,,,,,,,,,,,,,,,,,,,,,,,,,
120,rleg_026_20110223d.nii.gz,,,,,,, ,,,,,,#DIV/0!,#DIV/0!,#DIV/0!,N,,,,,,,,,,,,,,,,,,,,,,,,,,
121,rleg_027_20110304b.nii.gz,,,,,,, ,,,,,,#DIV/0!,#DIV/0!,#DIV/0!,N,,,,,,,,,,,,,,,,,,,,,,,,,,
122,rleg_028_20110328.nii.gz,,,,,,, ,,,,,,#DIV/0!,#DIV/0!,#DIV/0!,N,,,,,,,,,,,,,,,,,,,,,,,,,,
123,rleg_029_20110404.nii.gz,168.00,129.00,521.00,164.00,123.00,519.00,163,123,511,164.00,128.00,519.00,165,126,518,Y,,,,,,,,,,,,,,,,,,,,,,,,,,
124,rleg_030_20110405b.nii.gz,,,,,,, ,,,,,,#DIV/0!,#DIV/0!,#DIV/0!,N,,,,,,,,,,,,,,,,,,,,,,,,,,
125,rleg_031_20110505.nii.gz,,,,,,, ,,,,,,#DIV/0!,#DIV/0!,#DIV/0!,N,,,,,,,,,,,,,,,,,,,,,,,,,,
126,rleg_032_20110506b.nii.gz,,,,,,, ,,,,,,#DIV/0!,#DIV/0!,#DIV/0!,N,,,,,,,,,,,,,,,,,,,,,,,,,,
127,rleg_033_20110518.nii.gz,164.00,107.00,435.00,165.00,110.00,438.00,165,107,439,164.00,105.00,445.00,165,107,439,Y,,,,,,,,,,,,,,,,,,,,,,,,,,
128,rleg_034_20110525.nii.gz,194.00,132.00,507.00,196.00,123.00,508.00,196,126,510,196.00,128.00,507.00,196,127,508,Y,,,,,,,,,,,,,,,,,,,,,,,,,,
129,rleg_035_20110527.nii.gz,,,,,,, ,,,,,,#DIV/0!,#DIV/0!,#DIV/0!,N,,,,,,,,,,,,,,,,,,,,,,,,,,
130,rleg_036_20110601.nii.gz,130.00,211.00,541.00,134.00,198.00,540.00,129,209,534,128.00,211.00,537.00,130,207,538,Y,,,,,,,,,,,,,,,,,,,,,,,,,,
131,rleg_037_20110602c.nii.gz,,,,,,, ,,,,,,#DIV/0!,#DIV/0!,#DIV/0!,N,,,,,,,,,,,,,,,,,,,,,,,,,,
132,rleg_038_20110719.nii.gz,,,,,,, ,,,,,,#DIV/0!,#DIV/0!,#DIV/0!,N,,,,,,,,,,,,,,,,,,,,,,,,,,
133,rleg_039_20110809.nii.gz,,,,,,, ,,,,,,#DIV/0!,#DIV/0!,#DIV/0!,N,,,,,,,,,,,,,,,,,,,,,,,,,,
134,rleg_040_20110811.nii.gz,,,,,,, ,,,,,,#DIV/0!,#DIV/0!,#DIV/0!,N,,,,,,,,,,,,,,,,,,,,,,,,,,
135,rleg_041_20110823b.nii.gz,,,,,,, ,,,,,,#DIV/0!,#DIV/0!,#DIV/0!,N,,,,,,,,,,,,,,,,,,,,,,,,,,
136,rleg_042_20110918.nii.gz,148.00,136.00,524.00,149.00,132.00,521.00,147,136,520,148.00,137.00,525.00,148,135,523,Y,,,,,,,,,,,,,,,,,,,,,,,,,,
137,rleg_043_20111024.nii.gz,177.00,125.00,451.00,177.00,122.00,452.00,177,126,452,176.00,127.00,451.00,177,125,452,Y,,,,,,,,,,,,,,,,,,,,,,,,,,
138,rleg_044_20111027a.nii.gz,,,,,,, ,,,,,,#DIV/0!,#DIV/0!,#DIV/0!,N,,,,,,,,,,,,,,,,,,,,,,,,,,
139,rleg_045_20111027b.nii.gz,,,,,,, ,,,,,,#DIV/0!,#DIV/0!,#DIV/0!,N,,,,,,,,,,,,,,,,,,,,,,,,,,
140,rleg_046_20111113.nii.gz,169.00,103.00,396.00,169.00,105.00,397.00,167,100,398,169.00,102.00,404.00,169,103,399,Y,,,,,,,,,,,,,,,,,,,,,,,,,,
141,rleg_047_20111124.nii.gz,179.00,138.00,458.00,178.00,139.00,453.00,178,139,458,178.00,135.00,451.00,178,138,455,Y,,,,,,,,,,,,,,,,,,,,,,,,,,
142,rleg_048_20111201.nii.gz,155.00,69.00,533.00,152.00,68.00,524.00,152,68,535,154.00,69.00,529.00,153,69,530,Y,,,,,,,,,,,,,,,,,,,,,,,,,,
143,rleg_049_20111203b.nii.gz,192.00,138.00,447.00,190.00,139.00,437.00,190,140,441,191.00,136.00,450.00,191,138,444,Y,,,,,,,,,,,,,,,,,,,,,,,,,,
144,rleg_050_20111207.nii.gz,159.00,117.00,577.00,158.00,120.00,570.00,159,117,575,159.00,118.00,574.00,159,118,574,Y,,,,,,,,,,,,,,,,,,,,,,,,,,
145,rleg_052_20111215b.nii.gz,,,,,,, ,,,,,,#DIV/0!,#DIV/0!,#DIV/0!,N,,,,,,,,,,,,,,,,,,,,,,,,,,
146,rleg_053_20111223.nii.gz,,,,,,, ,,,,,,#DIV/0!,#DIV/0!,#DIV/0!,N,,,,,,,,,,,,,,,,,,,,,,,,,,
147,rleg_054_20120228b.nii.gz,,,,,,, ,,,,,,#DIV/0!,#DIV/0!,#DIV/0!,N,,,,,,,,,,,,,,,,,,,,,,,,,,
148,rleg_055_20120312c.nii.gz,,,,,,, ,,,,,,#DIV/0!,#DIV/0!,#DIV/0!,N,,,,,,,,,,,,,,,,,,,,,,,,,,
149,rleg_056_20120316b.nii.gz,168.00,122.00,509.00,169.00,123.00,505.00,166,120,505,167.00,124.00,514.00,168,122,508,Y,,,,,,,,,,,,,,,,,,,,,,,,,,
150,rleg_057_20120320b.nii.gz,,,,,,, ,,,,,,#DIV/0!,#DIV/0!,#DIV/0!,N,,,,,,,,,,,,,,,,,,,,,,,,,,
151,rleg_058_20120320a.nii.gz,168.00,94.00,501.00,169.00,95.00,502.00,169,95,506,169.00,94.00,505.00,169,95,504,Y,,,,,,,,,,,,,,,,,,,,,,,,,,
152,rleg_059_20120323.nii.gz,,,,,,, ,,,,,,#DIV/0!,#DIV/0!,#DIV/0!,N,,,,,,,,,,,,,,,,,,,,,,,,,,
153,rleg_060_20120420.nii.gz,213.00,171.00,555.00,213.00,173.00,556.00,212,169,555,213.00,169.00,556.00,213,171,556,Y,,,,,,,,,,,,,,,,,,,,,,,,,,
154,rleg_061_20120422d.nii.gz,,,,,,, ,,,,,,#DIV/0!,#DIV/0!,#DIV/0!,N,,,,,,,,,,,,,,,,,,,,,,,,,,
155,rleg_062_20120517b.nii.gz,186.00,145.00,543.00,188.00,143.00,534.00,187,140,543,187.00,139.00,542.00,187,142,541,Y,,,,,,,,,,,,,,,,,,,,,,,,,,
156,rleg_064_20120607.nii.gz,161.00,103.00,482.00,161.00,104.00,471.00,160,103,479,161.00,105.00,477.00,161,104,477,Y,,,,,,,,,,,,,,,,,,,,,,,,,,
157,rleg_101_20100101b.nii.gz,,,,,,, ,,,,,,#DIV/0!,#DIV/0!,#DIV/0!,N,,,,,,,,,,,,,,,,,,,,,,,,,,
158,rleg_102_20100105a.nii.gz,154.00,137.00,603.00,154.00,136.00,591.00,154,135,597,153.00,136.00,603.00,154,136,599,Y,,,,,,,,,,,,,,,,,,,,,,,,,,
159,rleg_103_20100128a.nii.gz,161.00,145.00,577.00,159.00,143.00,571.00,157,142,576,161.00,143.00,573.00,160,143,574,Y,,,,,,,,,,,,,,,,,,,,,,,,,,
160,rleg_104_20100204.nii.gz,,,,,,, ,,,,,,#DIV/0!,#DIV/0!,#DIV/0!,N,,,,,,,,,,,,,,,,,,,,,,,,,,
161,rleg_105_20100208a.nii.gz,144.00,112.00,506.00,144.00,114.00,501.00,143,109,505,143.00,106.00,496.00,144,110,502,Y,,,,,,,,,,,,,,,,,,,,,,,,,,
162,rleg_106_20100211.nii.gz,167.00,175.00,524.00,167.00,168.00,508.00,167,173,519,165.00,173.00,513.00,167,172,516,Y,,,,,,,,,,,,,,,,,,,,,,,,,,
163,rleg_107_20100220b.nii.gz,,,,,,, ,,,,,,#DIV/0!,#DIV/0!,#DIV/0!,N,,,,,,,,,,,,,,,,,,,,,,,,,,
164,rleg_108_20100222.nii.gz,136.00,94.00,498.00,135.00,94.00,483.00,133,93,486,134.00,92.00,490.00,135,93,489,Y,,,,,,,,,,,,,,,,,,,,,,,,,,
165,rleg_109_20100224.nii.gz,155.00,135.00,487.00,155.00,136.00,474.00,155,133,483,155.00,134.00,478.00,155,135,481,Y,,,,,,,,,,,,,,,,,,,,,,,,,,
166,rleg_111_20100309.nii.gz,,,,,,, ,,,,,,#DIV/0!,#DIV/0!,#DIV/0!,N,,,,,,,,,,,,,,,,,,,,,,,,,,
167,rleg_112_20100311a.nii.gz,137.00,158.00,544.00,145.00,147.00,545.00,138,156,541,137.00,159.00,545.00,139,155,544,Y,,,,,,,,,,,,,,,,,,,,,,,,,,
168,rleg_113_20100312.nii.gz,148.00,93.00,519.00,148.00,88.00,509.00,147,94,517,149.00,93.00,522.00,148,92,517,Y,,,,,,,,,,,,,,,,,,,,,,,,,,
169,rleg_114_20100313.nii.gz,181.00,137.00,581.00,179.00,134.00,573.00,180,135,579,181.00,137.00,580.00,180,136,578,Y,,,,,,,,,,,,,,,,,,,,,,,,,,
170,rleg_115_20100316b.nii.gz,176.00,168.00,555.00,175.00,168.00,552.00,174,165,551,175.00,167.00,551.00,175,167,552,Y,,,,,,,,,,,,,,,,,,,,,,,,,,
171,rleg_116_20100402b.nii.gz,,,,,,, ,,,,,,#DIV/0!,#DIV/0!,#DIV/0!,N,,,,,,,,,,,,,,,,,,,,,,,,,,
172,rleg_117_20100416b.nii.gz,190.00,161.00,554.00,190.00,157.00,551.00,189,157,550,190.00,156.00,555.00,190,158,553,Y,,,,,,,,,,,,,,,,,,,,,,,,,,
173,rleg_118_20100504a.nii.gz,,,,,,, ,,,,,,#DIV/0!,#DIV/0!,#DIV/0!,N,,,,,,,,,,,,,,,,,,,,,,,,,,
174,rleg_119_20100504.nii.gz,,,,,,, ,,,,,,#DIV/0!,#DIV/0!,#DIV/0!,N,,,,,,,,,,,,,,,,,,,,,,,,,,
175,rleg_120_20100519b.nii.gz,,,,,,, ,,,,,,#DIV/0!,#DIV/0!,#DIV/0!,N,,,,,,,,,,,,,,,,,,,,,,,,,,
176,rleg_121_20100525.nii.gz,140.00,95.00,390.00,139.00,93.00,385.00,140,95,389,141.00,94.00,387.00,140,94,388,Y,,,,,,,,,,,,,,,,,,,,,,,,,,
177,rleg_122_20100529.nii.gz,137.00,112.00,501.00,138.00,113.00,495.00,137,113,500,138.00,112.00,497.00,138,113,498,Y,,,,,,,,,,,,,,,,,,,,,,,,,,
178,rleg_123_20100603.nii.gz,,,,,,, ,,,,,,#DIV/0!,#DIV/0!,#DIV/0!,N,,,,,,,,,,,,,,,,,,,,,,,,,,
179,rleg_124_20100615b.nii.gz,,,,,,, ,,,,,,#DIV/0!,#DIV/0!,#DIV/0!,N,,,,,,,,,,,,,,,,,,,,,,,,,,
180,rleg_125_20100626b.nii.gz,,,,,,, ,,,,,,#DIV/0!,#DIV/0!,#DIV/0!,N,,,,,,,,,,,,,,,,,,,,,,,,,,
181,rleg_126_20100701.nii.gz,145.00,125.00,562.00,146.00,116.00,559.00,146,121,557,143.00,121.00,549.00,145,121,557,Y,,,,,,,,,,,,,,,,,,,,,,,,,,
182,rleg_127_20100705.nii.gz,,,,,,, ,,,,,,#DIV/0!,#DIV/0!,#DIV/0!,N,,,,,,,,,,,,,,,,,,,,,,,,,,
183,rleg_128_20100707a.nii.gz,211.00,170.00,610.00,211.00,173.00,604.00,210,169,603,213.00,171.00,612.00,211,171,607,Y,,,,,,,,,,,,,,,,,,,,,,,,,,
184,rleg_129_20100707.nii.gz,161.00,119.00,522.00,162.00,119.00,511.00,161,120,520,162.00,120.00,515.00,162,120,517,Y,,,,,,,,,,,,,,,,,,,,,,,,,,
185,rleg_130_20100731a.nii.gz,122.00,196.00,601.00,125.00,189.00,594.00,124,190,594,120.00,196.00,592.00,123,193,595,Y,,,,,,,,,,,,,,,,,,,,,,,,,,
186,rleg_131_20100806.nii.gz,,,,,,, ,,,,,,#DIV/0!,#DIV/0!,#DIV/0!,N,,,,,,,,,,,,,,,,,,,,,,,,,,
187,rleg_132_20100812.nii.gz,,,,,,, ,,,,,,#DIV/0!,#DIV/0!,#DIV/0!,N,,,,,,,,,,,,,,,,,,,,,,,,,,
188,rleg_133_20100824b.nii.gz,138.00,144.00,603.00,182.00,135.00,602.00,181,141,601,181.00,143.00,598.00,171,141,601,Y,,,,,,,,,,,,,,,,,,,,,,,,,,
,,,,,,,,,,,,,,,,,,,,,,,,,,,,,,,,,,,,,,,,,,,
,,,,,,,,,,,,,,,,,,,,,,,,,,,,,,,,,,,,,,,,,,,
,,,,,,,,,,,,,,,,,,,,,,,,,,,,,,,,,,,,,,,,,,,
,,,,,,,,,,,,,,,,,,,,,,,,,,,,,,,,,,,,,,,,,,,
,,,,,,,,,,,,,,,,,,,,,,,,,,,,,,,,,,,,,,,,,,,
,,,,,,,,,,,,,,,,,,,,,,,,,,,,,,,,,,,,,,,,,,,
,,,,,,,,,,,,,,,,,,,,,,,,,,,,,,,,,,,,,,,,,,,
,,,,,,,,,,,,,,,,,,,,,,,,,,,,,,,,,,,,,,,,,,,
,,,,,,,,,,,,,,,,,,,,,,,,,,,,,,,,,,,,,,,,,,,
,,,,,,,,,,,,,,,,,,,,,,,,,,,,,,,,,,,,,,,,,,,
,,,,,,,,,,,,,,,,,,,,,,,,,,,,,,,,,,,,,,,,,,,
,,,,,,,,,,,,,,,,,,,,,,,,,,,,,,,,,,,,,,,,,,,
,,,,,,,,,,,,,,,,,,,,,,,,,,,,,,,,,,,,,,,,,,,
,,,,,,,,,,,,,,,,,,,,,,,,,,,,,,,,,,,,,,,,,,,
,,,,,,,,,,,,,,,,,,,,,,,,,,,,,,,,,,,,,,,,,,,
,,,,,,,,,,,,,,,,,,,,,,,,,,,,,,,,,,,,,,,,,,,
,,,,,,,,,,,,,,,,,,,,,,,,,,,,,,,,,,,,,,,,,,,
,,,,,,,,,,,,,,,,,,,,,,,,,,,,,,,,,,,,,,,,,,,
,,,,,,,,,,,,,,,,,,,,,,,,,,,,,,,,,,,,,,,,,,,
,,,,,,,,,,,,,,,,,,,,,,,,,,,,,,,,,,,,,,,,,,,
,,,,,,,,,,,,,,,,,,,,,,,,,,,,,,,,,,,,,,,,,,,
,,,,,,,,,,,,,,,,,,,,,,,,,,,,,,,,,,,,,,,,,,,
,,,,,,,,,,,,,,,,,,,,,,,,,,,,,,,,,,,,,,,,,,,
,,,,,,,,,,,,,,,,,,,,,,,,,,,,,,,,,,,,,,,,,,,
,,,,,,,,,,,,,,,,,,,,,,,,,,,,,,,,,,,,,,,,,,,
,,,,,,,,,,,,,,,,,,,,,,,,,,,,,,,,,,,,,,,,,,,
,,,,,,,,,,,,,,,,,,,,,,,,,,,,,,,,,,,,,,,,,,,
,,,,,,,,,,,,,,,,,,,,,,,,,,,,,,,,,,,,,,,,,,,
,,,,,,,,,,,,,,,,,,,,,,,,,,,,,,,,,,,,,,,,,,,
,,,,,,,,,,,,,,,,,,,,,,,,,,,,,,,,,,,,,,,,,,,
,,,,,,,,,,,,,,,,,,,,,,,,,,,,,,,,,,,,,,,,,,,
,,,,,,,,,,,,,,,,,,,,,,,,,,,,,,,,,,,,,,,,,,,
,,,,,,,,,,,,,,,,,,,,,,,,,,,,,,,,,,,,,,,,,,,
,,,,,,,,,,,,,,,,,,,,,,,,,,,,,,,,,,,,,,,,,,,
,,,,,,,,,,,,,,,,,,,,,,,,,,,,,,,,,,,,,,,,,,,