,,Amy,,,Ben,,,Marta,,,Katie,,,Average,,,Extra,,,,,,,,,,,,,,,,,,,,,,,,,,,,,,,,,
,Image,X,Y,Z,X,Y,Z,X,Y,Z,X,Y,Z,X,Y,Z,Usable? (Y/N),,,,,,,,,,,,,,,,,,,,,,,,,,,,,,,,,
1,lleg_001_20100125b.nii.gz,146.00,76.00,38.00,154.00,77.00,41.00,146,76,39,152.00,78.00,39.00,150,77,39,Y,,,,,,,,,,,,,,,,,,,,,,,,,,,,,,,,,
2,lleg_002_20100302b.nii.gz,,,,,,, ,,,,,,#DIV/0!,#DIV/0!,#DIV/0!,N,,,,,,,,,,,,,,,,,,,,,,,,,,,,,,,,,
3,lleg_003_20100305b.nii.gz,160.00,77.00,139.00,161.00,77.00,140.00,163,78,138,159.00,76.00,137.00,161,77,139,Y,,,,,,,,,,,,,,,,,,,,,,,,,,,,,,,,,
4,lleg_004_20100315a.nii.gz,167.00,113.00,163.00,165.00,112.00,163.00,168,112,162,170.00,116.00,163.00,168,113,163,Y,,,,,,,,,,,,,,,,,,,,,,,,,,,,,,,,,
5,lleg_005_20100406.nii.gz,,,,,,, ,,,,,,#DIV/0!,#DIV/0!,#DIV/0!,N,,,,,,,,,,,,,,,,,,,,,,,,,,,,,,,,,
6,lleg_006_20100409b.nii.gz,126.00,77.00,31.00,136.00,78.00,34.00,128,76,30,128.00,76.00,31.00,130,77,32,Y,,,,,,,,,,,,,,,,,,,,,,,,,,,,,,,,,
7,lleg_007_20100423.nii.gz,174.00,64.00,76.00,183.00,65.00,75.00,177,66,74,176.00,64.00,74.00,178,65,75,Y,,,,,,,,,,,,,,,,,,,,,,,,,,,,,,,,,
8,lleg_008_20100510.nii.gz,163.00,68.00,186.00,164.00,66.00,187.00,164,68,185,166.00,69.00,189.00,164,68,187,Y,,,,,,,,,,,,,,,,,,,,,,,,,,,,,,,,,
9,lleg_009_20100514.nii.gz,,,,,,, ,,,,,,#DIV/0!,#DIV/0!,#DIV/0!,N,,,,,,,,,,,,,,,,,,,,,,,,,,,,,,,,,
10,lleg_010_20100601b.nii.gz,,,,,,, ,,,,,,#DIV/0!,#DIV/0!,#DIV/0!,N,,,,,,,,,,,,,,,,,,,,,,,,,,,,,,,,,
11,lleg_011_20100603.nii.gz,192.00,134.00,179.00,188.00,134.00,180.00,197,137,180,196.00,139.00,180.00,193,136,180,Y,,,,,,,,,,,,,,,,,,,,,,,,,,,,,,,,,
12,lleg_012_20100608a.nii.gz,,,,,,, ,,,,,,#DIV/0!,#DIV/0!,#DIV/0!,N,,,,,,,,,,,,,,,,,,,,,,,,,,,,,,,,,
13,lleg_013_20100713.nii.gz,,,,,,, ,,,,,,#DIV/0!,#DIV/0!,#DIV/0!,N,,,,,,,,,,,,,,,,,,,,,,,,,,,,,,,,,
14,lleg_014_20100809a.nii.gz,,,,,,, ,,,,,,#DIV/0!,#DIV/0!,#DIV/0!,N,,,,,,,,,,,,,,,,,,,,,,,,,,,,,,,,,
15,lleg_015_20100813a.nii.gz,,,,,,, ,,,,,,#DIV/0!,#DIV/0!,#DIV/0!,N,,,,,,,,,,,,,,,,,,,,,,,,,,,,,,,,,
16,lleg_016_20100831.nii.gz,92.00,67.00,30.00,97.00,67.00,31.00,94,66,30,94.00,66.00,29.00,94,67,30,Y,,,,,,,,,,,,,,,,,,,,,,,,,,,,,,,,,
17,lleg_017_20100916.nii.gz,174.00,77.00,158.00,179.00,82.00,157.00,177,81,157,177.00,82.00,59.00,177,81,133,Y,,,,,,,,,,,,,,,,,,,,,,,,,,,,,,,,,
18,lleg_018_20101015.nii.gz,153.00,80.00,80.00,153.00,79.00,80.00,154,78,79,156.00,80.00,79.00,154,79,80,Y,,,,,,,,,,,,,,,,,,,,,,,,,,,,,,,,,
19,lleg_019_20101206.nii.gz,65.00,102.00,78.00,65.00,101.00,77.00,65,103,80,64.00,101.00,78.00,65,102,78,Y,,,,,,,,,,,,,,,,,,,,,,,,,,,,,,,,,
20,lleg_020_20110112b.nii.gz,206.00,121.00,162.00,211.00,122.00,162.00,207,124,162,209.00,122.00,162.00,208,122,162,Y,,,,,,,,,,,,,,,,,,,,,,,,,,,,,,,,,
21,lleg_021_20110114.nii.gz,106.00,109.00,169.00,103.00,107.00,170.00,101,107,168,105.00,107.00,169.00,104,108,169,Y,,,,,,,,,,,,,,,,,,,,,,,,,,,,,,,,,
22,lleg_022_20110124.nii.gz,,,,,,, ,,,,,,#DIV/0!,#DIV/0!,#DIV/0!,N,,,,,,,,,,,,,,,,,,,,,,,,,,,,,,,,,
23,lleg_023_20110204c.nii.gz,130.00,92.00,75.00,136.00,95.00,77.00,130,93,74,131.00,93.00,75.00,132,93,75,Y,,,,,,,,,,,,,,,,,,,,,,,,,,,,,,,,,
24,lleg_024_20110210.nii.gz,,,,,,, ,,,,,,#DIV/0!,#DIV/0!,#DIV/0!,N,,,,,,,,,,,,,,,,,,,,,,,,,,,,,,,,,
25,lleg_025_20110215.nii.gz,136.00,75.00,32.00,132.00,74.00,33.00,131,76,31,135.00,75.00,33.00,134,75,32,Y,,,,,,,,,,,,,,,,,,,,,,,,,,,,,,,,,
26,lleg_026_20110223d.nii.gz,,,,,,, ,,,,,,#DIV/0!,#DIV/0!,#DIV/0!,N,,,,,,,,,,,,,,,,,,,,,,,,,,,,,,,,,
27,lleg_027_20110304b.nii.gz,,,,,,, ,,,,,,#DIV/0!,#DIV/0!,#DIV/0!,N,,,,,,,,,,,,,,,,,,,,,,,,,,,,,,,,,
28,lleg_028_20110328.nii.gz,,,,,,, ,,,,,,#DIV/0!,#DIV/0!,#DIV/0!,N,,,,,,,,,,,,,,,,,,,,,,,,,,,,,,,,,
29,lleg_029_20110404.nii.gz,123.00,103.00,181.00,120.00,100.00,180.00,118,98,180,119.00,99.00,180.00,120,100,180,Y,,,,,,,,,,,,,,,,,,,,,,,,,,,,,,,,,
30,lleg_030_20110405b.nii.gz,,,,,,, ,,,,,,#DIV/0!,#DIV/0!,#DIV/0!,N,,,,,,,,,,,,,,,,,,,,,,,,,,,,,,,,,
31,lleg_031_20110505.nii.gz,,,,,,, ,,,,,,#DIV/0!,#DIV/0!,#DIV/0!,N,,,,,,,,,,,,,,,,,,,,,,,,,,,,,,,,,
32,lleg_032_20110506b.nii.gz,,,,,,, ,,,,,,#DIV/0!,#DIV/0!,#DIV/0!,N,,,,,,,,,,,,,,,,,,,,,,,,,,,,,,,,,
33,lleg_033_20110518.nii.gz,141.00,72.00,80.00,139.00,70.00,80.00,140,72,80,144.00,72.00,81.00,141,72,80,Y,,,,,,,,,,,,,,,,,,,,,,,,,,,,,,,,,
34,lleg_034_20110525.nii.gz,183.00,76.00,162.00,184.00,74.00,164.00,181,73,162,184.00,73.00,164.00,183,74,163,Y,,,,,,,,,,,,,,,,,,,,,,,,,,,,,,,,,
35,lleg_035_20110527.nii.gz,,,,,,, ,,,,,,#DIV/0!,#DIV/0!,#DIV/0!,N,,,,,,,,,,,,,,,,,,,,,,,,,,,,,,,,,
36,lleg_036_20110601.nii.gz,111.00,83.00,177.00,110.00,83.00,178.00,111,82,176,111.00,83.00,177.00,111,83,177,Y,,,,,,,,,,,,,,,,,,,,,,,,,,,,,,,,,
37,lleg_037_20110602c.nii.gz,,,,,,, ,,,,,,#DIV/0!,#DIV/0!,#DIV/0!,N,,,,,,,,,,,,,,,,,,,,,,,,,,,,,,,,,
38,lleg_038_20110719.nii.gz,,,,,,, ,,,,,,#DIV/0!,#DIV/0!,#DIV/0!,N,,,,,,,,,,,,,,,,,,,,,,,,,,,,,,,,,
39,lleg_039_20110809.nii.gz,,,,,,, ,,,,,,#DIV/0!,#DIV/0!,#DIV/0!,N,,,,,,,,,,,,,,,,,,,,,,,,,,,,,,,,,
40,lleg_040_20110811.nii.gz,,,,,,, ,,,,,,#DIV/0!,#DIV/0!,#DIV/0!,N,,,,,,,,,,,,,,,,,,,,,,,,,,,,,,,,,
41,lleg_041_20110823b.nii.gz,,,,,,, ,,,,,,#DIV/0!,#DIV/0!,#DIV/0!,N,,,,,,,,,,,,,,,,,,,,,,,,,,,,,,,,,
42,lleg_042_20110918.nii.gz,143.00,98.00,167.00,142.00,97.00,169.00,144,99,167,144.00,99.00,169.00,143,98,168,Y,,,,,,,,,,,,,,,,,,,,,,,,,,,,,,,,,
43,lleg_043_20111024.nii.gz,109.00,84.00,103.00,111.00,87.00,102.00,112,89,102,113.00,89.00,104.00,111,87,103,Y,,,,,,,,,,,,,,,,,,,,,,,,,,,,,,,,,
44,lleg_044_20111027a.nii.gz,,,,,,, ,,,,,,#DIV/0!,#DIV/0!,#DIV/0!,N,,,,,,,,,,,,,,,,,,,,,,,,,,,,,,,,,
45,lleg_045_20111027b.nii.gz,58.00,95.00,45.00,62.00,100.00,45.00,61,100,42,62.00,103.00,43.00,61,100,44,Y,,,,,,,,,,,,,,,,,,,,,,,,,,,,,,,,,
46,lleg_046_20111113.nii.gz,109.00,69.00,14.00,115.00,72.00,13.00,110,71,12,110.00,70.00,13.00,111,71,13,Y,,,,,,,,,,,,,,,,,,,,,,,,,,,,,,,,,
47,lleg_047_20111124.nii.gz,153.00,64.00,60.00,156.00,66.00,60.00,155,68,59,154.00,65.00,59.00,155,66,60,Y,,,,,,,,,,,,,,,,,,,,,,,,,,,,,,,,,
48,lleg_048_20111201.nii.gz,150.00,84.00,143.00,148.00,83.00,143.00,152,84,144,147.00,84.00,143.00,149,84,143,Y,,,,,,,,,,,,,,,,,,,,,,,,,,,,,,,,,
49,lleg_049_20111203b.nii.gz,148.00,104.00,74.00,148.00,102.00,75.00,150,103,74,151.00,104.00,75.00,149,103,75,Y,,,,,,,,,,,,,,,,,,,,,,,,,,,,,,,,,
50,lleg_050_20111207.nii.gz,92.00,110.00,183.00,101.00,110.00,184.00,96,110,182,98.00,108.00,184.00,97,110,183,Y,,,,,,,,,,,,,,,,,,,,,,,,,,,,,,,,,
51,lleg_052_20111215b.nii.gz,,,,,,, ,,,,,,#DIV/0!,#DIV/0!,#DIV/0!,N,,,,,,,,,,,,,,,,,,,,,,,,,,,,,,,,,
52,lleg_053_20111223.nii.gz,,,,,,, ,,,,,,#DIV/0!,#DIV/0!,#DIV/0!,N,,,,,,,,,,,,,,,,,,,,,,,,,,,,,,,,,
53,lleg_054_20120228b.nii.gz,,,,,,, ,,,,,,#DIV/0!,#DIV/0!,#DIV/0!,N,,,,,,,,,,,,,,,,,,,,,,,,,,,,,,,,,
54,lleg_055_20120312c.nii.gz,,,,,,, ,,,,,,#DIV/0!,#DIV/0!,#DIV/0!,N,,,,,,,,,,,,,,,,,,,,,,,,,,,,,,,,,
55,lleg_056_20120316b.nii.gz,116.00,123.00,154.00,110.00,119.00,155.00,116,123,153,117.00,121.00,154.00,115,122,154,Y,,,,,,,,,,,,,,,,,,,,,,,,,,,,,,,,,
56,lleg_057_20120320b.nii.gz,,,,,,, ,,,,,,#DIV/0!,#DIV/0!,#DIV/0!,N,,,,,,,,,,,,,,,,,,,,,,,,,,,,,,,,,
57,lleg_058_20120320a.nii.gz,123.00,63.00,145.00,130.00,68.00,144.00,125,65,143,127.00,67.00,144.00,126,66,144,Y,,,,,,,,,,,,,,,,,,,,,,,,,,,,,,,,,
58,lleg_059_20120323.nii.gz,,,,,,, ,,,,,,#DIV/0!,#DIV/0!,#DIV/0!,N,,,,,,,,,,,,,,,,,,,,,,,,,,,,,,,,,
59,lleg_060_20120420.nii.gz,180.00,100.00,177.00,181.00,100.00,177.00,180,101,176,178.00,100.00,178.00,180,100,177,Y,,,,,,,,,,,,,,,,,,,,,,,,,,,,,,,,,
60,lleg_061_20120422d.nii.gz,204.00,130.00,187.00,196.00,127.00,186.00,204,131,187,205.00,130.00,187.00,202,130,187,Y,,,,,,,,,,,,,,,,,,,,,,,,,,,,,,,,,
61,lleg_062_20120517b.nii.gz,149.00,122.00,190.00,156.00,125.00,190.00,151,122,189,152.00,124.00,191.00,152,123,190,Y,,,,,,,,,,,,,,,,,,,,,,,,,,,,,,,,,
62,lleg_064_20120607.nii.gz,175.00,64.00,116.00,170.00,62.00,114.00,179,66,116,178.00,63.00,116.00,176,64,116,Y,,,,,,,,,,,,,,,,,,,,,,,,,,,,,,,,,
63,lleg_101_20100101b.nii.gz,,,,,,, ,,,,,,#DIV/0!,#DIV/0!,#DIV/0!,N,,,,,,,,,,,,,,,,,,,,,,,,,,,,,,,,,
64,lleg_102_20100105a.nii.gz,,,,,,, ,,,,,,#DIV/0!,#DIV/0!,#DIV/0!,N,,,,,,,,,,,,,,,,,,,,,,,,,,,,,,,,,
65,lleg_103_20100128a.nii.gz,123.00,95.00,191.00,127.00,98.00,192.00,125,97,189,127.00,97.00,190.00,126,97,191,Y,,,,,,,,,,,,,,,,,,,,,,,,,,,,,,,,,
66,lleg_104_20100204.nii.gz,,,,,,, ,,,,,,#DIV/0!,#DIV/0!,#DIV/0!,N,,,,,,,,,,,,,,,,,,,,,,,,,,,,,,,,,
67,lleg_105_20100208a.nii.gz,125.00,76.00,122.00,125.00,75.00,124.00,130,77,123,131.00,74.00,123.00,128,76,123,Y,,,,,,,,,,,,,,,,,,,,,,,,,,,,,,,,,
68,lleg_106_20100211.nii.gz,162.00,117.00,158.00,156.00,113.00,157.00,157,114,156,161.00,117.00,158.00,159,115,157,Y,,,,,,,,,,,,,,,,,,,,,,,,,,,,,,,,,
69,lleg_107_20100220b.nii.gz,,,,,,, ,,,,,,#DIV/0!,#DIV/0!,#DIV/0!,N,,,,,,,,,,,,,,,,,,,,,,,,,,,,,,,,,
70,lleg_108_20100222.nii.gz,138.00,82.00,86.00,132.00,82.00,88.00,140,83,87,141.00,80.00,85.00,138,82,87,Y,,,,,,,,,,,,,,,,,,,,,,,,,,,,,,,,,
71,lleg_109_20100224.nii.gz,116.00,74.00,124.00,118.00,77.00,123.00,118,77,123,116.00,77.00,124.00,117,76,124,Y,,,,,,,,,,,,,,,,,,,,,,,,,,,,,,,,,
72,lleg_111_20100309.nii.gz,,,,,,, ,,,,,,#DIV/0!,#DIV/0!,#DIV/0!,N,,,,,,,,,,,,,,,,,,,,,,,,,,,,,,,,,
73,lleg_112_20100311a.nii.gz,126.00,93.00,173.00,126.00,91.00,174.00,126,92,172,127.00,91.00,174.00,126,92,173,Y,,,,,,,,,,,,,,,,,,,,,,,,,,,,,,,,,
74,lleg_113_20100312.nii.gz,94.00,113.00,137.00,94.00,113.00,138.00,99,118,137,98.00,114.00,137.00,96,115,137,Y,,,,,,,,,,,,,,,,,,,,,,,,,,,,,,,,,
75,lleg_114_20100313.nii.gz,114.00,69.00,137.00,120.00,70.00,137.00,115,69,136,118.00,69.00,136.00,117,69,137,Y,,,,,,,,,,,,,,,,,,,,,,,,,,,,,,,,,
76,lleg_115_20100316b.nii.gz,178.00,94.00,149.00,173.00,92.00,149.00,176,94,147,175.00,94.00,149.00,176,94,149,Y,,,,,,,,,,,,,,,,,,,,,,,,,,,,,,,,,
77,lleg_116_20100402b.nii.gz,,,,,,, ,,,,,,#DIV/0!,#DIV/0!,#DIV/0!,N,,,,,,,,,,,,,,,,,,,,,,,,,,,,,,,,,
78,lleg_117_20100416b.nii.gz,,,,,,, ,,,,,,#DIV/0!,#DIV/0!,#DIV/0!,N,,,,,,,,,,,,,,,,,,,,,,,,,,,,,,,,,
79,lleg_118_20100504a.nii.gz,,,,,,, ,,,,,,#DIV/0!,#DIV/0!,#DIV/0!,N,,,,,,,,,,,,,,,,,,,,,,,,,,,,,,,,,
80,lleg_119_20100504.nii.gz,134.00,76.00,125.00,131.00,76.00,126.00,128,76,124,133.00,76.00,125.00,132,76,125,Y,,,,,,,,,,,,,,,,,,,,,,,,,,,,,,,,,
81,lleg_120_20100519b.nii.gz,,,,,,, ,,,,,,#DIV/0!,#DIV/0!,#DIV/0!,N,,,,,,,,,,,,,,,,,,,,,,,,,,,,,,,,,
82,lleg_121_20100525.nii.gz,91.00,84.00,61.00,95.00,86.00,61.00,95,86,60,93.00,85.00,58.00,94,85,60,Y,,,,,,,,,,,,,,,,,,,,,,,,,,,,,,,,,
83,lleg_122_20100529.nii.gz,86.00,71.00,147.00,79.00,71.00,147.00,87,72,146,87.00,71.00,146.00,85,71,147,Y,,,,,,,,,,,,,,,,,,,,,,,,,,,,,,,,,
84,lleg_123_20100603.nii.gz,112.00,125.00,146.00,111.00,123.00,147.00,111,127,148,111.00,123.00,147.00,111,125,147,Y,,,,,,,,,,,,,,,,,,,,,,,,,,,,,,,,,
85,lleg_124_20100615b.nii.gz,,,,,,, ,,,,,,#DIV/0!,#DIV/0!,#DIV/0!,N,,,,,,,,,,,,,,,,,,,,,,,,,,,,,,,,,
86,lleg_125_20100626b.nii.gz,,,,,,, ,,,,,,#DIV/0!,#DIV/0!,#DIV/0!,N,,,,,,,,,,,,,,,,,,,,,,,,,,,,,,,,,
87,lleg_126_20100701.nii.gz,93.00,80.00,192.00,95.00,80.00,193.00,93,81,191,94.00,79.00,192.00,94,80,192,Y,,,,,,,,,,,,,,,,,,,,,,,,,,,,,,,,,
88,lleg_127_20100705.nii.gz,,,,,,, ,,,,,,#DIV/0!,#DIV/0!,#DIV/0!,N,,,,,,,,,,,,,,,,,,,,,,,,,,,,,,,,,
89,lleg_128_20100707a.nii.gz,165.00,110.00,187.00,171.00,111.00,188.00,170,114,187,168.00,110.00,187.00,169,111,187,Y,,,,,,,,,,,,,,,,,,,,,,,,,,,,,,,,,
90,lleg_129_20100707.nii.gz,108.00,90.00,162.00,107.00,87.00,164.00,105,91,163,108.00,88.00,164.00,107,89,163,Y,,,,,,,,,,,,,,,,,,,,,,,,,,,,,,,,,
91,lleg_130_20100731a.nii.gz,118.00,112.00,215.00,115.00,112.00,215.00,117,109,214,120.00,114.00,215.00,118,112,215,Y,,,,,,,,,,,,,,,,,,,,,,,,,,,,,,,,,
92,lleg_131_20100806.nii.gz,,,,,,, ,,,,,,#DIV/0!,#DIV/0!,#DIV/0!,N,,,,,,,,,,,,,,,,,,,,,,,,,,,,,,,,,
93,lleg_132_20100812.nii.gz,,,,,,, ,,,,,,#DIV/0!,#DIV/0!,#DIV/0!,N,,,,,,,,,,,,,,,,,,,,,,,,,,,,,,,,,
94,lleg_133_20100824b.nii.gz,108.00,93.00,176.00,109.00,95.00,178.00,106,96,177,109.00,96.00,176.00,108,95,177,Y,,,,,,,,,,,,,,,,,,,,,,,,,,,,,,,,,
95,rleg_001_20100125b.nii.gz,143.00,76.00,37.00,144.00,75.00,37.00,141,74,37,144.00,75.00,37.00,143,75,37,Y,,,,,,,,,,,,,,,,,,,,,,,,,,,,,,,,,
96,rleg_002_20100302b.nii.gz,,,,,,, ,,,,,,#DIV/0!,#DIV/0!,#DIV/0!,N,,,,,,,,,,,,,,,,,,,,,,,,,,,,,,,,,
97,rleg_003_20100305b.nii.gz,166.00,72.00,143.00,167.00,72.00,143.00,166,75,143,169.00,72.00,144.00,167,73,143,Y,,,,,,,,,,,,,,,,,,,,,,,,,,,,,,,,,
98,rleg_004_20100315a.nii.gz,165.00,111.00,163.00,161.00,110.00,164.00,166,112,164,165.00,110.00,165.00,164,111,164,Y,,,,,,,,,,,,,,,,,,,,,,,,,,,,,,,,,
99,rleg_005_20100406.nii.gz,,,,,,, ,,,,,,#DIV/0!,#DIV/0!,#DIV/0!,N,,,,,,,,,,,,,,,,,,,,,,,,,,,,,,,,,
100,rleg_006_20100409b.nii.gz,105.00,79.00,34.00,101.00,76.00,36.00,106,78,34,106.00,78.00,35.00,105,78,35,Y,,,,,,,,,,,,,,,,,,,,,,,,,,,,,,,,,
101,rleg_007_20100423.nii.gz,,,,,,, ,,,,,,#DIV/0!,#DIV/0!,#DIV/0!,N,,,,,,,,,,,,,,,,,,,,,,,,,,,,,,,,,
102,rleg_008_20100510.nii.gz,114.00,70.00,198.00,117.00,70.00,199.00,116,70,197,117.00,70.00,199.00,116,70,198,Y,,,,,,,,,,,,,,,,,,,,,,,,,,,,,,,,,
103,rleg_009_20100514.nii.gz,132.00,74.00,22.00,136.00,73.00,23.00,136,76,22,138.00,72.00,23.00,136,74,23,Y,,,,,,,,,,,,,,,,,,,,,,,,,,,,,,,,,
104,rleg_010_20100601b.nii.gz,,,,,,, ,,,,,,#DIV/0!,#DIV/0!,#DIV/0!,N,,,,,,,,,,,,,,,,,,,,,,,,,,,,,,,,,
105,rleg_011_20100603.nii.gz,151.00,138.00,176.00,151.00,138.00,176.00,150,138,176,151.00,138.00,175.00,151,138,176,Y,,,,,,,,,,,,,,,,,,,,,,,,,,,,,,,,,
106,rleg_012_20100608a.nii.gz,,,,,,, ,,,,,,#DIV/0!,#DIV/0!,#DIV/0!,N,,,,,,,,,,,,,,,,,,,,,,,,,,,,,,,,,
107,rleg_013_20100713.nii.gz,,,,,,, ,,,,,,#DIV/0!,#DIV/0!,#DIV/0!,N,,,,,,,,,,,,,,,,,,,,,,,,,,,,,,,,,
108,rleg_014_20100809a.nii.gz,,,,,,, ,,,,,,#DIV/0!,#DIV/0!,#DIV/0!,N,,,,,,,,,,,,,,,,,,,,,,,,,,,,,,,,,
109,rleg_015_20100813a.nii.gz,,,,,,, ,,,,,,#DIV/0!,#DIV/0!,#DIV/0!,N,,,,,,,,,,,,,,,,,,,,,,,,,,,,,,,,,
110,rleg_016_20100831.nii.gz,101.00,60.00,28.00,103.00,63.00,29.00,100,60,26,100.00,62.00,26.00,101,61,27,Y,,,,,,,,,,,,,,,,,,,,,,,,,,,,,,,,,
111,rleg_017_20100916.nii.gz,,,,,,, ,,,,,,#DIV/0!,#DIV/0!,#DIV/0!,N,,,,,,,,,,,,,,,,,,,,,,,,,,,,,,,,,
112,rleg_018_20101015.nii.gz,137.00,73.00,88.00,140.00,74.00,89.00,137,72,88,138.00,73.00,88.00,138,73,88,Y,,,,,,,,,,,,,,,,,,,,,,,,,,,,,,,,,
113,rleg_019_20101206.nii.gz,134.00,95.00,76.00,136.00,98.00,77.00,130,93,79,131.00,97.00,77.00,133,96,77,Y,,,,,,,,,,,,,,,,,,,,,,,,,,,,,,,,,
114,rleg_020_20110112b.nii.gz,112.00,133.00,169.00,112.00,131.00,168.00,111,132,168,109.00,133.00,167.00,111,132,168,Y,,,,,,,,,,,,,,,,,,,,,,,,,,,,,,,,,
115,rleg_021_20110114.nii.gz,164.00,111.00,162.00,166.00,110.00,163.00,163,110,163,165.00,110.00,162.00,165,110,163,Y,,,,,,,,,,,,,,,,,,,,,,,,,,,,,,,,,
116,rleg_022_20110124.nii.gz,,,,,,, ,,,,,,#DIV/0!,#DIV/0!,#DIV/0!,N,,,,,,,,,,,,,,,,,,,,,,,,,,,,,,,,,
117,rleg_023_20110204c.nii.gz,147.00,86.00,63.00,150.00,87.00,64.00,148,86,62,148.00,87.00,64.00,148,87,63,Y,,,,,,,,,,,,,,,,,,,,,,,,,,,,,,,,,
118,rleg_024_20110210.nii.gz,,,,,,, ,,,,,,#DIV/0!,#DIV/0!,#DIV/0!,N,,,,,,,,,,,,,,,,,,,,,,,,,,,,,,,,,
119,rleg_025_20110215.nii.gz,109.00,82.00,43.00,107.00,81.00,42.00,114,80,43,111.00,81.00,42.00,110,81,43,Y,,,,,,,,,,,,,,,,,,,,,,,,,,,,,,,,,
120,rleg_026_20110223d.nii.gz,,,,,,, ,,,,,,#DIV/0!,#DIV/0!,#DIV/0!,N,,,,,,,,,,,,,,,,,,,,,,,,,,,,,,,,,
121,rleg_027_20110304b.nii.gz,,,,,,, ,,,,,,#DIV/0!,#DIV/0!,#DIV/0!,N,,,,,,,,,,,,,,,,,,,,,,,,,,,,,,,,,
122,rleg_028_20110328.nii.gz,,,,,,, ,,,,,,#DIV/0!,#DIV/0!,#DIV/0!,N,,,,,,,,,,,,,,,,,,,,,,,,,,,,,,,,,
123,rleg_029_20110404.nii.gz,155.00,95.00,182.00,150.00,93.00,181.00,155,96,181,155.00,94.00,182.00,154,95,182,Y,,,,,,,,,,,,,,,,,,,,,,,,,,,,,,,,,
124,rleg_030_20110405b.nii.gz,,,,,,, ,,,,,,#DIV/0!,#DIV/0!,#DIV/0!,N,,,,,,,,,,,,,,,,,,,,,,,,,,,,,,,,,
125,rleg_031_20110505.nii.gz,,,,,,, ,,,,,,#DIV/0!,#DIV/0!,#DIV/0!,N,,,,,,,,,,,,,,,,,,,,,,,,,,,,,,,,,
126,rleg_032_20110506b.nii.gz,,,,,,, ,,,,,,#DIV/0!,#DIV/0!,#DIV/0!,N,,,,,,,,,,,,,,,,,,,,,,,,,,,,,,,,,
127,rleg_033_20110518.nii.gz,141.00,71.00,77.00,145.00,73.00,78.00,144,73,77,142.00,71.00,79.00,143,72,78,Y,,,,,,,,,,,,,,,,,,,,,,,,,,,,,,,,,
128,rleg_034_20110525.nii.gz,143.00,79.00,167.00,145.00,78.00,168.00,141,79,165,141.00,79.00,68.00,143,79,142,Y,,,,,,,,,,,,,,,,,,,,,,,,,,,,,,,,,
129,rleg_035_20110527.nii.gz,,,,,,, ,,,,,,#DIV/0!,#DIV/0!,#DIV/0!,N,,,,,,,,,,,,,,,,,,,,,,,,,,,,,,,,,
130,rleg_036_20110601.nii.gz,153.00,75.00,189.00,151.00,75.00,188.00,150,73,187,149.00,72.00,188.00,151,74,188,Y,,,,,,,,,,,,,,,,,,,,,,,,,,,,,,,,,
131,rleg_037_20110602c.nii.gz,,,,,,, ,,,,,,#DIV/0!,#DIV/0!,#DIV/0!,N,,,,,,,,,,,,,,,,,,,,,,,,,,,,,,,,,
132,rleg_038_20110719.nii.gz,,,,,,, ,,,,,,#DIV/0!,#DIV/0!,#DIV/0!,N,,,,,,,,,,,,,,,,,,,,,,,,,,,,,,,,,
133,rleg_039_20110809.nii.gz,,,,,,, ,,,,,,#DIV/0!,#DIV/0!,#DIV/0!,N,,,,,,,,,,,,,,,,,,,,,,,,,,,,,,,,,
134,rleg_040_20110811.nii.gz,,,,,,, ,,,,,,#DIV/0!,#DIV/0!,#DIV/0!,N,,,,,,,,,,,,,,,,,,,,,,,,,,,,,,,,,
135,rleg_041_20110823b.nii.gz,,,,,,, ,,,,,,#DIV/0!,#DIV/0!,#DIV/0!,N,,,,,,,,,,,,,,,,,,,,,,,,,,,,,,,,,
136,rleg_042_20110918.nii.gz,105.00,96.00,165.00,104.00,96.00,167.00,108,96,165,106.00,95.00,164.00,106,96,165,Y,,,,,,,,,,,,,,,,,,,,,,,,,,,,,,,,,
137,rleg_043_20111024.nii.gz,126.00,74.00,99.00,131.00,79.00,99.00,126,77,99,127.00,77.00,99.00,128,77,99,Y,,,,,,,,,,,,,,,,,,,,,,,,,,,,,,,,,
138,rleg_044_20111027a.nii.gz,,,,,,, ,,,,,,#DIV/0!,#DIV/0!,#DIV/0!,N,,,,,,,,,,,,,,,,,,,,,,,,,,,,,,,,,
139,rleg_045_20111027b.nii.gz,,,,,,, ,,,,,,#DIV/0!,#DIV/0!,#DIV/0!,N,,,,,,,,,,,,,,,,,,,,,,,,,,,,,,,,,
140,rleg_046_20111113.nii.gz,139.00,64.00,16.00,136.00,62.00,17.00,139,64,16,137.00,64.00,16.00,138,64,16,Y,,,,,,,,,,,,,,,,,,,,,,,,,,,,,,,,,
141,rleg_047_20111124.nii.gz,143.00,129.00,64.00,137.00,126.00,66.00,142,133,64,141.00,127.00,65.00,141,129,65,Y,,,,,,,,,,,,,,,,,,,,,,,,,,,,,,,,,
142,rleg_048_20111201.nii.gz,93.00,81.00,414.00,91.00,80.00,142.00,96,82,141,91.00,83.00,143.00,93,82,210,Y,,,,,,,,,,,,,,,,,,,,,,,,,,,,,,,,,
143,rleg_049_20111203b.nii.gz,147.00,86.00,74.00,142.00,84.00,74.00,148,85,72,145.00,84.00,73.00,146,85,73,Y,,,,,,,,,,,,,,,,,,,,,,,,,,,,,,,,,
144,rleg_050_20111207.nii.gz,119.00,101.00,183.00,116.00,100.00,182.00,117,103,182,117.00,104.00,181.00,117,102,182,Y,,,,,,,,,,,,,,,,,,,,,,,,,,,,,,,,,
145,rleg_052_20111215b.nii.gz,,,,,,, ,,,,,,#DIV/0!,#DIV/0!,#DIV/0!,N,,,,,,,,,,,,,,,,,,,,,,,,,,,,,,,,,
146,rleg_053_20111223.nii.gz,,,,,,, ,,,,,,#DIV/0!,#DIV/0!,#DIV/0!,N,,,,,,,,,,,,,,,,,,,,,,,,,,,,,,,,,
147,rleg_054_20120228b.nii.gz,,,,,,, ,,,,,,#DIV/0!,#DIV/0!,#DIV/0!,N,,,,,,,,,,,,,,,,,,,,,,,,,,,,,,,,,
148,rleg_055_20120312c.nii.gz,,,,,,, ,,,,,,#DIV/0!,#DIV/0!,#DIV/0!,N,,,,,,,,,,,,,,,,,,,,,,,,,,,,,,,,,
149,rleg_056_20120316b.nii.gz,147.00,117.00,153.00,142.00,114.00,154.00,148,122,153,146.00,116.00,153.00,146,117,153,Y,,,,,,,,,,,,,,,,,,,,,,,,,,,,,,,,,
150,rleg_057_20120320b.nii.gz,,,,,,, ,,,,,,#DIV/0!,#DIV/0!,#DIV/0!,N,,,,,,,,,,,,,,,,,,,,,,,,,,,,,,,,,
151,rleg_058_20120320a.nii.gz,131.00,80.00,146.00,130.00,79.00,147.00,132,79,147,131.00,80.00,146.00,131,80,147,Y,,,,,,,,,,,,,,,,,,,,,,,,,,,,,,,,,
152,rleg_059_20120323.nii.gz,,,,,,, ,,,,,,#DIV/0!,#DIV/0!,#DIV/0!,N,,,,,,,,,,,,,,,,,,,,,,,,,,,,,,,,,
153,rleg_060_20120420.nii.gz,191.00,131.00,182.00,191.00,130.00,184.00,192,134,183,190.00,130.00,183.00,191,131,183,Y,,,,,,,,,,,,,,,,,,,,,,,,,,,,,,,,,
154,rleg_061_20120422d.nii.gz,,,,,,, ,,,,,,#DIV/0!,#DIV/0!,#DIV/0!,N,,,,,,,,,,,,,,,,,,,,,,,,,,,,,,,,,
155,rleg_062_20120517b.nii.gz,134.00,107.00,190.00,135.00,107.00,192.00,134,106,190,133.00,107.00,190.00,134,107,191,Y,,,,,,,,,,,,,,,,,,,,,,,,,,,,,,,,,
156,rleg_064_20120607.nii.gz,129.00,75.00,120.00,124.00,73.00,121.00,129,75,120,128.00,74.00,120.00,128,74,120,Y,,,,,,,,,,,,,,,,,,,,,,,,,,,,,,,,,
157,rleg_101_20100101b.nii.gz,,,,,,, ,,,,,,#DIV/0!,#DIV/0!,#DIV/0!,N,,,,,,,,,,,,,,,,,,,,,,,,,,,,,,,,,
158,rleg_102_20100105a.nii.gz,120.00,116.00,151.00,120.00,111.00,152.00,119,112,152,121.00,113.00,151.00,120,113,152,Y,,,,,,,,,,,,,,,,,,,,,,,,,,,,,,,,,
159,rleg_103_20100128a.nii.gz,118.00,99.00,190.00,119.00,99.00,189.00,121,100,188,119.00,99.00,188.00,119,99,189,Y,,,,,,,,,,,,,,,,,,,,,,,,,,,,,,,,,
160,rleg_104_20100204.nii.gz,,,,,,, ,,,,,,#DIV/0!,#DIV/0!,#DIV/0!,N,,,,,,,,,,,,,,,,,,,,,,,,,,,,,,,,,
161,rleg_105_20100208a.nii.gz,135.00,72.00,118.00,132.00,70.00,119.00,130,71,119,131.00,71.00,118.00,132,71,119,Y,,,,,,,,,,,,,,,,,,,,,,,,,,,,,,,,,
162,rleg_106_20100211.nii.gz,123.00,120.00,157.00,128.00,119.00,158.00,125,122,161,125.00,120.00,158.00,125,120,159,Y,,,,,,,,,,,,,,,,,,,,,,,,,,,,,,,,,
163,rleg_107_20100220b.nii.gz,,,,,,, ,,,,,,#DIV/0!,#DIV/0!,#DIV/0!,N,,,,,,,,,,,,,,,,,,,,,,,,,,,,,,,,,
164,rleg_108_20100222.nii.gz,106.00,73.00,90.00,105.00,76.00,92.00,107,76,91,106.00,75.00,92.00,106,75,91,Y,,,,,,,,,,,,,,,,,,,,,,,,,,,,,,,,,
165,rleg_109_20100224.nii.gz,138.00,70.00,122.00,142.00,70.00,122.00,137,69,121,139.00,68.00,121.00,139,69,122,Y,,,,,,,,,,,,,,,,,,,,,,,,,,,,,,,,,
166,rleg_111_20100309.nii.gz,,,,,,, ,,,,,,#DIV/0!,#DIV/0!,#DIV/0!,N,,,,,,,,,,,,,,,,,,,,,,,,,,,,,,,,,
167,rleg_112_20100311a.nii.gz,133.00,91.00,180.00,131.00,92.00,179.00,132,93,179,130.00,90.00,180.00,132,92,180,Y,,,,,,,,,,,,,,,,,,,,,,,,,,,,,,,,,
168,rleg_113_20100312.nii.gz,139.00,96.00,146.00,137.00,96.00,145.00,141,97,145,140.00,94.00,148.00,139,96,146,Y,,,,,,,,,,,,,,,,,,,,,,,,,,,,,,,,,
169,rleg_114_20100313.nii.gz,153.00,70.00,163.00,153.00,72.00,164.00,153,75,164,153.00,72.00,163.00,153,72,164,Y,,,,,,,,,,,,,,,,,,,,,,,,,,,,,,,,,
170,rleg_115_20100316b.nii.gz,136.00,151.00,155.00,138.00,149.00,156.00,136,150,155,136.00,151.00,154.00,137,150,155,Y,,,,,,,,,,,,,,,,,,,,,,,,,,,,,,,,,
171,rleg_116_20100402b.nii.gz,,,,,,, ,,,,,,#DIV/0!,#DIV/0!,#DIV/0!,N,,,,,,,,,,,,,,,,,,,,,,,,,,,,,,,,,
172,rleg_117_20100416b.nii.gz,175.00,81.00,133.00,168.00,82.00,135.00,175,83,134,175.00,82.00,133.00,173,82,134,Y,,,,,,,,,,,,,,,,,,,,,,,,,,,,,,,,,
173,rleg_118_20100504a.nii.gz,,,,,,, ,,,,,,#DIV/0!,#DIV/0!,#DIV/0!,N,,,,,,,,,,,,,,,,,,,,,,,,,,,,,,,,,
174,rleg_119_20100504.nii.gz,,,,,,, ,,,,,,#DIV/0!,#DIV/0!,#DIV/0!,N,,,,,,,,,,,,,,,,,,,,,,,,,,,,,,,,,
175,rleg_120_20100519b.nii.gz,,,,,,, ,,,,,,#DIV/0!,#DIV/0!,#DIV/0!,N,,,,,,,,,,,,,,,,,,,,,,,,,,,,,,,,,
176,rleg_121_20100525.nii.gz,77.00,82.00,59.00,86.00,87.00,60.00,81,84,57,82.00,86.00,59.00,82,85,59,Y,,,,,,,,,,,,,,,,,,,,,,,,,,,,,,,,,
177,rleg_122_20100529.nii.gz,113.00,87.00,130.00,113.00,82.00,129.00,112,86,129,111.00,82.00,128.00,112,84,129,Y,,,,,,,,,,,,,,,,,,,,,,,,,,,,,,,,,
178,rleg_123_20100603.nii.gz,,,,,,, ,,,,,,#DIV/0!,#DIV/0!,#DIV/0!,N,,,,,,,,,,,,,,,,,,,,,,,,,,,,,,,,,
179,rleg_124_20100615b.nii.gz,,,,,,, ,,,,,,#DIV/0!,#DIV/0!,#DIV/0!,N,,,,,,,,,,,,,,,,,,,,,,,,,,,,,,,,,
180,rleg_125_20100626b.nii.gz,,,,,,, ,,,,,,#DIV/0!,#DIV/0!,#DIV/0!,N,,,,,,,,,,,,,,,,,,,,,,,,,,,,,,,,,
181,rleg_126_20100701.nii.gz,112.00,77.00,190.00,114.00,81.00,191.00,113,82,193,116.00,81.00,190.00,114,80,191,Y,,,,,,,,,,,,,,,,,,,,,,,,,,,,,,,,,
182,rleg_127_20100705.nii.gz,,,,,,, ,,,,,,#DIV/0!,#DIV/0!,#DIV/0!,N,,,,,,,,,,,,,,,,,,,,,,,,,,,,,,,,,
183,rleg_128_20100707a.nii.gz,186.00,119.00,188.00,183.00,117.00,188.00,184,119,188,184.00,117.00,189.00,184,118,188,Y,,,,,,,,,,,,,,,,,,,,,,,,,,,,,,,,,
184,rleg_129_20100707.nii.gz,139.00,87.00,159.00,139.00,84.00,159.00,139,84,159,138.00,84.00,159.00,139,85,159,Y,,,,,,,,,,,,,,,,,,,,,,,,,,,,,,,,,
185,rleg_130_20100731a.nii.gz,137.00,107.00,207.00,135.00,108.00,208.00,135,109,206,136.00,107.00,208.00,136,108,207,Y,,,,,,,,,,,,,,,,,,,,,,,,,,,,,,,,,
186,rleg_131_20100806.nii.gz,,,,,,, ,,,,,,#DIV/0!,#DIV/0!,#DIV/0!,N,,,,,,,,,,,,,,,,,,,,,,,,,,,,,,,,,
187,rleg_132_20100812.nii.gz,,,,,,, ,,,,,,#DIV/0!,#DIV/0!,#DIV/0!,N,,,,,,,,,,,,,,,,,,,,,,,,,,,,,,,,,
188,rleg_133_20100824b.nii.gz,164.00,88.00,174.00,158.00,87.00,173.00,160,90,173,161.00,89.00,174.00,161,89,174,Y,,,,,,,,,,,,,,,,,,,,,,,,,,,,,,,,,
,,,,,,,, ,,,,,,,,,,,,,,,,,,,,,,,,,,,,,,,,,,,,,,,,,,
,,,,,,,, ,,,,,,,,,,,,,,,,,,,,,,,,,,,,,,,,,,,,,,,,,,
,,,,,,,, ,,,,,,,,,,,,,,,,,,,,,,,,,,,,,,,,,,,,,,,,,,